city (not null),name (not null),url (not null),comment
society,日本フルート協会,http://japan-flutists.org/,
society,日本オーボエ協会,http://joboe.web.fc2.com/,
society,日本ファゴット（バスーン）協会,http://j-bassoon.net/,
society,日本クラリネット協会,http://www.jp-clarinet.org/,
society,日本サクソフォーン協会,http://japan-saxophonists.com/,
society,日本トランペット協会,http://www.trumpeters.jp/,
society,日本ホルン協会,https://jhs.horn.jp/,
society,日本トロンボーン協会,http://www.jat-home.jp/,
society,日本ユーフォニアムテューバ協会,http://www.euphonium-tuba.jp/,
society,日本打楽器協会,http://japan-dagakki.com,
tokyo,ARTHUR Symphonic Winds TOKYO,http://arthur-swt.r.fiw-web.net/,
tokyo,アヴァンプルミエウィンドアンサンブル,http://www.avant-premier.com/,
tokyo,青桐吹奏楽団,https://www.facebook.com/aogiriwe/,
tokyo,青山学院大学OB吹奏楽団,http://www.agu-obband.com/,
tokyo,あきしまウィンドオーケストラ,http://www.geocities.co.jp/Hollywood-Kouen/1419/,
tokyo,秋葉原区立すいそうがく団！,http://akiba-winds.tokyo/,東京・秋葉原を中心にアニメ・ゲーム音楽を演奏する秋葉原区立すいそうがく団！のウェブサイトです。
tokyo,昭島市青少年吹奏楽団,http://akishimaseishonen.jimdo.com/,昭島　吹奏楽団　吹奏楽　ブラスバンド　青少年　音楽　演奏会
tokyo,足立吹奏楽団,http://homepage2.nifty.com/awe/,
tokyo,荒川吹奏楽団,http://arasui.lolipop.jp/,東京都荒川区で活動する市民吹奏楽団の荒川吹奏楽団は吹奏楽団の団員募集も行っています。
tokyo,荒川ウインドアンサンブル,http://www.geocities.jp/arakawawind/,
tokyo,アルフェスタ吹奏楽団,http://alfestabrass.com/,アルフェスタ吹奏楽団は、東京都東大和市を中心に活動しているアマチュア吹奏楽団です。市内の各種イベントへの参加、依頼演奏を積極的に行っています。主な活動としては、年１回の演奏会の開催。東大和市内を中心とした文化施設などでの演奏会を行っています。地域に根ざした市民吹奏楽団を目指して、日々練習に励んでおります。
tokyo,アンサンブル・ヴィルトゥオーソ吹奏楽団,http://virtuoso.petit.cc/,
tokyo,池上ウィンドアンサンブル,http://ikegamiwind.blog33.fc2.com/,
tokyo,伊興ウインドオーケストラ,http://www.geocities.jp/ikowo/,
tokyo,板橋区吹奏楽団,http://www.itasui.com/,東京都板橋区の吹奏楽団（東京都一般吹奏楽連盟加盟）。高校生から社会人までが所属、吹奏楽・ステージドリル（マーチング）を行なう珍しい一般吹奏楽団。地域振興から被災地支援まで幅広く活動。（2016年6月12日（日）創立30周年記念　第30回定期演奏会 開催：主催：公益財団法人 板橋区文化・国際交流財団）
tokyo,稲城市青少年吹奏楽団,http://inasui.net/,稲吹こと稲城市青少年吹奏楽団の公式ホームページです。東京の多摩地区にある稲城市を拠点に、素敵な音楽を目指し活動しています。団員募集中です。
tokyo,ウィンドアンサンブルBANdBE,http://bandbe2010.blog101.fc2.com/,火曜日午前中に都内で活動しているアマチュア吹奏楽団です。
tokyo,ウインドオーケストラ・ユニゾン,http://homepage1.nifty.com/Unison/,
tokyo,ウィンドクルーオーケストラ,http://windcrew.qee.jp/,東京都足立区で活動する一般吹奏楽団です。
tokyo,エーデルワイス・ブラス・オーケストラ,http://www.edelweissbrass.jp/,社会人・学生メンバーの自主運営アマチュア吹奏楽団エーデルワイス・ブラス・オーケストラのサイトです。新宿（芸能花伝舎）のスタジオにて練習、演奏会を中心に活動しています。
tokyo,SBGウインドオーケストラ,http://www.sbgwind.com/,
tokyo,江戸川吹奏楽団,http://edosui.web.fc2.com/,東京江戸川区で「街に音楽を」をモットーに活動中の市民バンド、江戸川吹奏楽団のページです。現在団員大募集中！ 幅広い年齢層のメンバーで活動しています。高校生以上で楽器経験があればどなたでも入団できます。
tokyo,江戸川ウインドオーケストラ,http://www.ac.cyberhome.ne.jp/~edogawa-wind/,
tokyo,江戸川ママブラス・マリン♪,http://sky.geocities.jp/mamabrass_marine/,
tokyo,NEC府中吹奏楽団,http://www5e.biglobe.ne.jp/~NFCB/,
tokyo,NTT東日本東京吹奏楽団,http://www.nttwinds.org/,
tokyo,NPO法人Lively八王子市青少年吹奏楽団,http://sound.jp/hcywo/top/,
tokyo,NBD吹奏楽団,http://www.nbd.mu/,
tokyo,大塚ウインドアンサンブル,http://ohtsukawind.xxxxxxxx.jp/,
tokyo,大森西吹奏楽団,http://ohmorinishi.web.fc2.com/,大森西吹奏楽団は、大田区で活動する一般楽団です。
tokyo,楽団カーニバル２００１ウィンドオーケストラ,http://www.carnival2001.net/,総合音楽団体　初心者のための楽団カーニバル２００１の公式ホームページです
tokyo,葛飾吹奏楽団シンフォニックウィンドオーケストラ,http://www.kswo-s.com/,
tokyo,国立高校OB吹奏楽団,http://kunitachiobwind.web.fc2.com/,
tokyo,GREEN ALFA Symphonic Band,http://www.g-alfa.com/,
tokyo,グリーンハート吹奏楽団,http://green-heart.sakura.ne.jp/,
tokyo,小金井吹奏楽団GREEN'S,http://greens.main.jp/site/,
tokyo,国分寺市交響吹奏楽団,http://www.kokubunji-brass.net/,
tokyo,小平青少年吹奏楽団,http://www.kodaira-music.net/,小平青少年吹奏楽団　｜　東京都小平市で活動する吹奏楽団です
tokyo,狛江市民吹奏楽団,http://komasui.org/,東京都狛江市で活動している吹奏楽団。毎週土曜夜の合奏練習を中心に狛江市で活動しています。
tokyo,小山台吹奏楽団,http://koyamadai-sb.com/,
tokyo,コンセール・リベルテ・オルケストル・ドゥアルモニー,http://orchestra.musicinfo.co.jp/~liberte/,ブランクのある方も入団できる東京都で活動する一般吹奏楽団。
tokyo,サーズディブラスバンド,http://www.h6.dion.ne.jp/~tbb_web/,
tokyo,さざんかシティウインズ,http://sazanka-citywinds.net/,杉並区を中心として活動をしている吹奏楽団。さざんかシティウィンズでは、初心者から玄人まで、音楽を楽しむことを目的としているため若人からご高齢の方までと幅広い年代のメンバーが活動しています。
tokyo,したやウィンドアンサンブル,http://shitaya.web.fc2.com/,東京都台東区下谷を本拠に活動する音楽団体です
tokyo,渋谷区青少年吹奏楽団,http://shibusui.grupo.jp/,
tokyo,市民吹奏楽団おたまじゃくし,http://sound.jp/otama/,
tokyo,乗泉寺吹奏楽団,http://josenji.org/,
tokyo,白金ヘボン吹奏楽団,http://hebosui.littlestar.jp/,
tokyo,新交響吹奏楽団,http://www.shinkyo-wind.com/,東京、神奈川、埼玉など関東１都４県からメンバーが集まる大編成の吹奏楽団。交響曲の全楽章、原調演奏など、管弦楽曲の演奏に特徴があります。演奏会情報、団員募集など。
tokyo,新宿区吹奏楽団,http://www.doremi.or.jp/shinjuku/,
tokyo,吹奏集団「風の和」,http://kazenowa.jp/,吹奏集団「風の和」とは東京都中野区で活動を行っている一般の吹奏楽団です。
tokyo,杉並ウインドハーモニーアンサンブル,http://swhe.net/,東京都杉並区でアクティブに活動する先進的な吹奏楽団。団員募集や演奏会案内など。楽しさあふれる吹奏楽エンターテイメント集団を目指しています。。
tokyo,スノーヴァレイ・ウインドオーケストラ,http://svwo.web.fc2.com/,
tokyo,墨田区吹奏楽団,http://www.sumisui.jp/,墨田区吹奏楽団は、1973年に東京都墨田区の音楽事業の一環として発足しました。学生から熟年までの幅広い年齢層で構成された家族的な雰囲気のなか、通称「すみすい」として親しまれ地域に密着した暖かい演奏活動をしています。
tokyo,セクシー吹奏楽団,http://www.geocities.co.jp/MusicHall/3769/,
tokyo,世田谷区民吹奏楽団,http://scwo.or.tv/,
tokyo,千修吹奏楽団,http://www.senshu-g.co.jp/lifework/orchestra/,
tokyo,創価グロリア吹奏楽団,http://www.soka-gloria.jp/,吹奏楽っていろんな行進曲や、壮大なスケールやら。いろいろな吹奏楽曲があるのね。
tokyo,SoulSonority,http://soul-sonority.org/,
tokyo,ソニー吹奏楽団,http://www.sonyband.jp/,
tokyo,立川市吹奏楽団,http://www.tachisui.jp/,
tokyo,立川Red&amp;Blueウインドアンサンブル,http://www.geocities.jp/trabwe/,
tokyo,多摩ウィンドフィルハーモニーオーケストラ,http://twpo.org/,
tokyo,多摩南吹奏楽団,http://tamaminami.wixsite.com/nansui,東京都日野市、吹奏楽団
tokyo,調布市青少年吹奏楽団,http://chosui.iinaa.net/,
tokyo,田園調布ウィンドアンサンブル,http://wind.tkproducts.jp/denen/,
tokyo,東京ウインドハーモニーオーケストラ,http://twho.soc.or.jp/,
tokyo,TOKYO−Westウインド・オーケストラ,http://www2u.biglobe.ne.jp/~hosui/,東京都西東京市を中心に活動する吹奏楽団です。クラシック曲、吹奏楽オリジナル曲が中心です。
tokyo,東京エターナルウインド,http://music.geocities.jp/tokyo_eternalwind/,
tokyo,東京高校OBウインドオーケストラ,http://ths-ob-wind-orchestra.jimdo.com/,東京高校OBウィンドオーケストラです。
tokyo,東京シティブラスオルケスター,http://tcbo.web.fc2.com/,東ブラは、東京都江東区を拠点に活動している一般吹奏楽団です。主な活動は定期演奏会・吹奏楽コンクール・地元中学とのジョイントコンサートなど。音楽技術の向上を目指し毎週日曜日に活動をしています。
tokyo,Tokyo StackArt Wind Ensemble,http://tokyo-stackart.com/,東京都一般吹奏楽連盟に加盟している「東京スタックアートウインドアンサンブル」(Tokyo StackArt Wind Ensemble)のウェブサイト、tokyo-stackart.comです。クラリネット大募集中です。
tokyo,東京朝鮮吹奏楽団,https://www.facebook.com/tokyo.korea.brass/,
tokyo,東京都高校生合同バンド,http://page.freett.com/goban/,
tokyo,東京都立西高OB吹奏楽団,http://nobb-web.com/,
tokyo,東京パイオニア吹奏楽団,http://www1.odn.ne.jp/tpwo/,
tokyo,東京ファンタジックブラスバンド,http://www.t-f-b.org/,
tokyo,Tokyo Blaze SymphonicBand,http://wiki.tbsb.info/,
tokyo,東京ミューズシンフォニックバンド,http://tokyo-muse.jp/,東京都練馬区、西東京市を中心に活動している一般吹奏楽団です。毎月定期的に練習を行ない、毎年春に定期演奏会を行っています。
tokyo,東京リサーチ合奏団,http://www.doremi.or.jp/tre/,当団は、1973年に金管バンドとして発足し、翌年「東京リサーチ合奏団」と改称。現在は年1回の定期演奏会を中心に、チャリティコンサートへの参加や春の強化合宿等、「音楽を通し様々なことを探究（リサーチ）し、アーティストとしてまた、社会の一員として人間性を養う」ことを最大の目的として活動しています。また、夏の海水浴や冬のスキーツアー等、音楽以外のことでもリサーチしてしまうのが当団の特徴です。
tokyo,東芝府中吹奏楽団,http://homepage1.nifty.com/TFWO/,
tokyo,豊島区吹奏楽団,http://www.toshima-wind.org/,東京都豊島区の区民吹奏楽団として、高校生・大学生・社会人が集まり活動する当団は、2012年、設立35周年を迎えました。世代を越え、吹奏楽という一つの点に集まったメンバーが、区民をはじめとしたみなさまに「音楽」の素晴らしさ、楽しさを届けるため、当団常任指揮者 大釜 宏之と共に、日々明るく元気に活動しています！
tokyo,にこママウインドアンサンブル,http://nikomama.web.fc2.com/,
tokyo,２地区バンド,http://homepage2.nifty.com/secondareaband/,
tokyo,バーチュリーバソサエティ,http://homepage3.nifty.com/bachu/,
tokyo,八王子市民吹奏楽団,http://music.geocities.jp/hachiojishiminsuisogakudan/,
tokyo,ハルモニアウインドアンサンブル,http://www.geocities.jp/hwe_web/,東京都練馬区を中心に活動を行っている一般吹奏楽団
tokyo,東綾瀬ウインドオーケストラ,http://higashiayasewind.com/,足立区東綾瀬を拠点に活動する一般吹奏楽団、東綾瀬ウインドオーケストラ。足立区、葛飾区、遠くは埼玉、千葉からの団員もいます。団員募集中
tokyo,東久留米市民吹奏楽団,http://kurukuru.sakura.ne.jp/,東京都東久留米市を中心に、年１回の定期演奏会、文化祭や夏祭りの依頼演奏、福祉施設への慰問演奏など、地域に密着した演奏活動を行っています。
tokyo,府中市青少年吹奏楽団,http://fjb.littlestar.jp/,府中市青少年吹奏楽団公式ホームページです
tokyo,府中シンフォニックウィンドアンサンブル,http://fswe.main.jp/website/,府中市で活動している吹奏楽団、府中シンフォニックウインドアンサンブルのウエブサイトです。
tokyo,Fuchu Mother's BrassSmiley,http://fuchumamabrass.web.fc2.com/,
tokyo,福生吹奏楽団,http://fussawind.web.fc2.com/,【福生吹奏楽団　公式Webサイト】福生市を中心として活動している一般吹奏楽団です。新入団員募集中!
tokyo,プリモアンサンブル東京,http://www.doremi.or.jp/primo/,
tokyo,フロイデウインドハーモニーオルケスタ,http://fwho.s23.xrea.com/,東京都府中市などで活動する吹奏楽団。団員募集中。
tokyo,文京区交響吹奏楽団,http://www.geocities.jp/bunkyosymphony/,
tokyo,ペンタックス吹奏楽団,https://sites.google.com/site/pentaxwindorchestra/,ペンタックス吹奏楽団（PENTAX Wind Orchestra）のサイトです。活動情報を掲載しています。ペンタックス吹奏楽団は、旧ペンタックス（株）社員、及び、有志による吹奏楽団です。
tokyo,ホワイタル・ウィンド・アンサンブル,http://whightull.web.fc2.com/,
tokyo,White Clouds Wind Ensemble,http://www.geocities.co.jp/MusicHall-Horn/4166/,
tokyo,マーロ・ブラス・ユートピア,http://www.geocities.jp/marobrass/,
tokyo,マザーズバンドおれんじ,http://mamabandorange.web.fc2.com/,
tokyo,町田鳴程ウィンドオーケストラ,http://www.geocities.jp/naruhodo_wind_orchestra/,
tokyo,三鷹市吹奏楽団,http://takasui.net/,
tokyo,ミュゼダール吹奏楽団,http://www.musse.org/,東京都豊島区を拠点に活動している一般吹奏楽団体、ミュゼ・ダール吹奏楽団オフィシャルサイトです。団員募集や演奏会情報などを掲載。社会人や学生など幅広いメンバーが所属し、定期演奏会やコンクール、ボランティア等、吹奏楽を通して様々な活動を行っております。
tokyo,武蔵台ウィンドオーケストラ,http://mwo.jp/,
tokyo,武蔵野市民交響楽団,http://mcso.soc.or.jp/,
tokyo,武蔵野シンフォニック・ブラス･オーケストラ,http://msboweb.flop.jp/,武蔵野シンフォニック・ブラス・オーケストラのファンによるページ
tokyo,武蔵村山ウインドアンサンブル,http://mmwe.web.fc2.com/,
tokyo,ヤマハ池袋吹奏楽団,http://sound.jp/yiwo/,
tokyo,ヤマハ吉祥寺吹奏楽団,http://www.ykichi-wind.net/,ようこそヤマハ吉祥寺吹奏楽団のWebSiteへ。楽団の紹介、コンサートの案内、団員募集などを掲載しています。
tokyo,ヤマハ目黒吹奏楽団,http://www.yamame-winds.net/main/,
tokyo,郵政中央吹奏楽団,http://www.c-sqr.net/c/cs74250/,
tokyo,六門会合奏団,http://www012.upp.so-net.ne.jp/rikutokai/,
tokyo,ルセッタアミュゼ吹奏楽団,http://recette.chu.jp/,アニメ、ゲーム、特撮の曲を中心に演奏している吹奏楽団、ルセッタアミュゼ吹奏楽団（通称：るーみゅ）です。
tokyo,ル･ノワールウインドオーケストラ,http://le-noir.info/,
kanagawa,愛川ウィンドオーケストラ,http://awo.qee.jp/,
kanagawa,アウロスウインドオーケストラ,http://auloswind.okoshi-yasu.com/,
kanagawa,青葉台吹奏楽団,http://aosui.sakura.ne.jp/,
kanagawa,足柄吹奏楽愛好会,http://ashisui.iinaa.net/,
kanagawa,足柄ウィンドオーケストラ,http://ashigarawo.sakura.ne.jp/,
kanagawa,厚木市民吹奏楽団,http://www.atsugi-wind.com/,
kanagawa,厚木西ウィンド・シンフォニー,http://origimania.k-free.net/,
kanagawa,a-piacere,http://www.geocities.co.jp/MusicHall-Horn/1461/,
kanagawa,ALLEGRES WIND ORCHESTRA,http://allegres.org/,
kanagawa,Ensemble ADA,http://ensembleada.com/,
kanagawa,伊勢原市民吹奏楽団,http://isehara-brass.net/,
kanagawa,ウィステリアウインドアンサンブル,http://www.boreas.dti.ne.jp/~betty/,
kanagawa,ウインドアンサンブル中山,http://wen.vis.ne.jp/,
kanagawa,ウインドオーケストラ音秘,http://www.geocities.co.jp/Hollywood-Miyuki/9347/,
kanagawa,ウィンドフレンズ吹奏楽団,http://wfwb.net/,
kanagawa,浦賀ウインドオーケストラ,http://www.uwohp.com/,
kanagawa,うらかぜ吹奏楽団,http://urakaze.net/,
kanagawa,ＮＥＣ玉川吹奏楽団,http://www2s.biglobe.ne.jp/~kshin/tband/,
kanagawa,ＮＥＣ相模原吹奏楽団,http://www.geocities.jp/ta263_music/brassband.html,
kanagawa,海老名市民吹奏楽団,http://www.geocities.jp/ebina_wind/,
kanagawa,大磯吹奏楽団,http://www.geocities.jp/isosui/,
kanagawa,大磯ウインドアンサンブル,http://yokohama.cool.ne.jp/owe/,
kanagawa,Oak Wind Symphony,http://oak-wind.sakura.ne.jp/oak/,
kanagawa,オーケーウィンドオーケストラ,http://www.okwo.jp/,
kanagawa,Ocean Brass,http://oceanbrass.aikotoba.jp/,
kanagawa,大原ウインドオーケストラ,http://owe.seesaa.net/,
kanagawa,小田原吹奏楽研究会,http://odawara-suiken.com/,
kanagawa,神奈川シルフィード吹奏楽団,http://kswo.moe-nifty.com/,
kanagawa,金沢吹奏楽団,http://www.kanasui.net/,
kanagawa,鎌倉吹奏楽団 Music Farm,http://musicfarm-kamakura.jp/,
kanagawa,鎌倉シティブラス,http://kcbwww.web.fc2.com/,
kanagawa,上鶴間交響吹奏楽団,http://tsurukyou.web.fc2.com/,
kanagawa,かもめ吹奏楽団,http://www.kamome.to/,
kanagawa,川崎吹奏楽団,http://webs.to/kawasui,
kanagawa,川崎ウインズ,http://kawasakiwinds.ivory.ne.jp/,
kanagawa,川崎ウインドオーケストラ,http://www.geocities.jp/kawasaki_wo/,
kanagawa,グラールウインドオーケストラ,http://www.gwo.org/,
kanagawa,クローバーウィンドオーケストラ,http://c-wo.com/,
kanagawa,港南台ミュージックダルモニー,http://www.geocities.co.jp/Hollywood/6470/,
kanagawa,相模原ウィンド・アンサンブル,http://www.geocities.jp/sagamiharawindensemble/,
kanagawa,相模原市民吹奏楽団,http://www.geocities.jp/cbsgm_web/,
kanagawa,相模原ユースウインドシンフォニー,http://www.geocities.co.jp/MusicHall/3099/syws/,
kanagawa,ザ ブラスバンディッツ,http://www.geocities.jp/brassbandits/,
kanagawa,座間吹奏楽愛好会,http://zamasui.sakura.ne.jp/,
kanagawa,ＪＦＥスチール東日本製鉄所京浜吹奏楽部,http://www.jfe-brass.jp/,
kanagawa,Schelle Wind Ensemble,http://www.geocities.jp/schelle_wind/,
kanagawa,七里ガ浜吹奏楽団,http://www.geocities.jp/shichisui/,
kanagawa,ジョイフルブラスオーケストラ,http://www.jbo.cc/,
kanagawa,湘南交響吹奏楽団グランドシップ,http://www.grandship.com/,
kanagawa,湘南シーウインドアンサンブル,http://seawind.daa.jp/,
kanagawa,湘南シンフォニックウインズ,http://ssw.fiw-web.net/index.html,
kanagawa,湘南台吹奏楽愛好会,http://www.cityfujisawa.ne.jp/~sbbs/,
kanagawa,湘南ブラスオーケストラ,http://www.windbrass.net/sbo/,
kanagawa,吹奏楽団いなかの樹,http://www.geocities.jp/inakanoki/,
kanagawa,吹奏楽団『いんとるの？』,http://www.geocities.jp/nn_e_j_i/intoruno.htm,
kanagawa,吹奏楽団K-musica,http://k-musica-wind.net/,
kanagawa,吹奏楽団DIZELDA,http://sweety.jp/dizelda/,
kanagawa,吹奏楽団はまかぜ,http://www.hamakaze-wind.com/,
kanagawa,吹奏楽団ロンドベル,http://rondo-bell.jp/,
kanagawa,SLUG Wind Orchestra,http://slug.s31.xrea.com/,
kanagawa,西湘ウインドシンフォニー,http://www5c.biglobe.ne.jp/~sws/,
kanagawa,青陵ウインドオーケストラ,http://www.geocities.jp/seiryo_wind/,
kanagawa,ソノーレウインドオーケストラ,http://sonore.info/,
kanagawa,多摩ウインドブラス,http://music.geocities.jp/tama_windbrass/,
kanagawa,多摩川吹奏楽団,http://www.tamasui.com/home/,
kanagawa,神奈川県立多摩高等学校ＯＢ吹奏楽団,http://www2s.biglobe.ne.jp/~ishiguro/OBband/,
kanagawa,茅ヶ崎ウィンドシンフォニー,http://cws.littlestar.jp/,
kanagawa,神奈川県立鶴見高校吹奏楽部OB吹奏楽団,http://kentsuru.soc.or.jp/,
kanagawa,東海大学付属相模高等学校吹奏楽部OB会・OB吹奏楽団,http://sagami.sub.jp/,
kanagawa,東急吹奏楽団,http://www.geocities.jp/tokyuband/tb/top.htm,
kanagawa,東芝吹奏楽団,http://www2s.biglobe.ne.jp/~horiuchi/TWE_index.html,
kanagawa,BAGウィンドアンサンブル,http://www12.big.or.jp/~bag/,
kanagawa,柏陽高校吹奏楽部OBバンド,http://www1.interq.or.jp/~igafum/obb/,
kanagawa,秦野市民吹奏楽団,http://hadanoshisui.com/,
kanagawa,平塚ウインドオーケストラ,http://hwo.jp/,
kanagawa,楓響ウインドオーケストラ,http://www.geocities.jp/fukyo_wind_orchestra/,
kanagawa,藤沢ウィスタリア ウインドオーケストラ,http://www.fujisawa-wistaria.net/,
kanagawa,藤沢ウィンドオーケストラ,http://www.cityfujisawa.ne.jp/~f.w.o/home.htm,
kanagawa,富士通川崎吹奏楽団,http://homepage3.nifty.com/FBC-HP/,
kanagawa,ブラス・カスミッシモ,http://kasmissimo.com/,
kanagawa,ブラスカナテック,http://brasskanatech.tabigeinin.com/,
kanagawa,フロンティアブラス,http://www.woodstream.gr.jp/frontier/,
kanagawa,ポーコ・ウィンド・オーケストラ,http://www.h5.dion.ne.jp/~poco-wo/,
kanagawa,ホットウインドオーケストラ,http://hotwind.hp.infoseek.co.jp/,
kanagawa,ホルツ・ブラス・カペーレ,http://hbk.ikidane.com/,
kanagawa,Majesty Wind Symphony,http://music.geocities.jp/maje_ws/home/,
kanagawa,町田・相模原イーストメリーウインドオーケストラ,http://www.geocities.jp/eastmerry2004/,
kanagawa,ママさんブラス「はまぴよ隊」,http://www.rak3.jp/home/user/y_mama_bruss/,
kanagawa,三菱電機SOCIO-TECHウインドオーケストラ,http://swo-home.ddo.jp/,
kanagawa,宮前ウィンドオーケストラ,http://www.geocities.jp/miyamae_wind/,
kanagawa,もみじヶ丘吹奏楽団,http://www.geocities.jp/momiji_gaoka/,
kanagawa,大和ウインドシンフォニア,http://www10.tok2.com/home/yamato/,
kanagawa,大和市民吹奏楽団,https://sites.google.com/site/ycb1978/,
kanagawa,ヤマハ横浜吹奏楽団,http://www.geocities.jp/yamaha_yokohama/,
kanagawa,ユースウィンドオーケストラ,http://www4.zero.ad.jp/ywo/,
kanagawa,Euro Brass Banda,http://island.geocities.jp/eurobrass2007/,
kanagawa,横須賀市民吹奏楽団,http://www.yskwo.sakura.ne.jp/,
kanagawa,ヨコハマ旭ウィンドアンサンブル,http://asahi-wind.net/,
kanagawa,横浜ウインドハーモニー,http://www42.tok2.com/home/ywh2000/,
kanagawa,横浜楽友協会,http://yps.at.webry.info/,
kanagawa,横浜港北区民吹奏楽団,http://ykwo.net/,
kanagawa,横浜栄区民吹奏楽団,http://www.sakaeku-suisou.com/,
kanagawa,横浜市民吹奏楽団,http://www.yshisui.jp/,
kanagawa,横浜ぬらひま団,http://www.nurahima.com/,
kanagawa,横浜バッカスブラスオーケストラ！,http://bacchusbrass.web.fc2.com/,
kanagawa,横浜ブラスオルケスター,http://ybo.jp/,
kanagawa,横浜ブラスマイスター,http://windbrass.net/bramei/main/,
kanagawa,ヨコハマ フロイント ブラーゼン,http://music.geocities.jp/yokohamafreundblasen/,
kanagawa,横浜ベイシティーウインズ,http://ybcw.digit.jp/,
kanagawa,横浜緑吹奏楽団,http://ryokusui.net/,
saitama,青木フィルハーモニー吹奏楽団,http://aophil.org/,
saitama,上尾市民吹奏楽団,http://www007.upp.so-net.ne.jp/musicA/,
saitama,朝霞市民吹奏楽団,http://www.geocities.jp/asakashisui/,
saitama,Amuse Wind Orchestra,http://www.amusewo.com/,
saitama,アルス ノヴァ ウインドシンフォニー,http://arsnova.qee.jp/,
saitama,Ensemble SORA,http://ensemblesora.yu-yake.com/,
saitama,アンサンブルWINT,http://www.e-wint.com/,
saitama,アンサンブルフラヴィア,http://www.ensembleflavia.net/,
saitama,アンサンブルリベルテ吹奏楽団,http://www.asahi-net.or.jp/~gx7m-skmt/,
saitama,入間市民吹奏楽団,http://www.geocities.jp/iwe_info/,
saitama,うらばん！？,http://music.geocities.jp/ura_ban2002/,
saitama,浦和吹奏楽団,http://urasui.info/,
saitama,大宮吹奏楽団,http://www.omiya-w.org/,
saitama,おおみや市民吹奏楽団,http://occb.or.tv/,
saitama,桶川市民吹奏楽団,http://okesui.info/,
saitama,春日部市吹奏楽団,http://www.fya.jp/~harusui/,
saitama,かすかべMUSICA・PIACERE,http://music.geocities.jp/kasukabe_musica/,
saitama,加須騎西吹奏楽団,http://homepage2.nifty.com/kazokisai/,
saitama,かみかわウインドシンフォニー,http://kwind.web.fc2.com/,
saitama,上福岡ウインドオーケストラ,http://kamifuku-wind.xrea.jp/,
saitama,川口ウィンドアンサンブル,http://kwe.jpn.org/wind-top.htm,
saitama,川口交響吹奏楽団,http://sound.jp/kawakyo/,
saitama,川口ブラスソサエティ,http://www.maroon.dti.ne.jp/kawaguchi.brass.society/sub2.html,
saitama,川越奏和奏友会吹奏楽団,http://sound.jp/kswe/,
saitama,北本市民吹奏楽団,http://music.geocities.jp/kitamoto_wind/,
saitama,久喜市民吹奏楽団,http://www.geocities.jp/allegro_adagio/,
saitama,熊谷吹奏楽団,http://www.tg.rim.or.jp/~ejiri/kumasui/,
saitama,CRYSTAL WINDS 吹奏楽団,http://www.ne.jp/asahi/kcw/crystal.winds/,
saitama,鴻巣吹奏楽団,http://www.kounosu-wind.com/,
saitama,向陽吹奏楽団,http://music.geocities.jp/koyowind/,
saitama,越谷市音楽団,http://sound.jp/koshion/,
saitama,戸田市コンセール・ルネッサ吹奏楽団,http://sound.jp/c_renaissa/,
saitama,埼玉リエート吹奏楽団,http://homepage2.nifty.com/saitama-lieto/,
saitama,埼玉県ユースホステル協会吹奏楽団,http://www.saitamayouth.com/,
saitama,幸手シティブラス,http://music.geocities.jp/satte_city_brass/,
saitama,幸手市民吹奏楽団,http://www.geocities.jp/satteshisui/,
saitama,狭山市吹奏楽団,http://www1.ttcn.ne.jp/sayamashisui/,
saitama,志木市吹奏楽団オール志木ウインド,http://sound.jp/allshikiwind/,
saitama,ジャグラーズウインドオーケストラ,http://www.juggnet.com/,
saitama,しょうぶ・しみん吹奏楽団,http://shobushimin.web.fc2.com/,
saitama,白岡吹奏楽団,http://www7b.biglobe.ne.jp/~shiraoka/,
saitama,吹奏楽団 THE NOISE,http://www.geocities.co.jp/MusicHall-Horn/1219/,
saitama,新座ウィンドオーケストラ モッソ,http://mosso.sitemix.jp/,
saitama,杉の子吹奏楽団,http://homepage1.nifty.com/rascal-arai/sugin-chu/top.html,
saitama,Zephyrus Wind Orchestra,http://zwo-web.net/,
saitama,創価学会埼玉吹奏楽団,http://www.geocities.co.jp/MusicHall-Horn/1737/,
saitama,草加市民吹奏楽団,http://soka-wind.net/,
saitama,草加中央吹奏楽団,http://soukachusui.kenkenpa.net/,
saitama,ソールリジェール吹奏楽団,https://sites.google.com/site/sauleriziere/,
saitama,ターフェルムジーク・ウィンドオーケストラ,http://homepage2.nifty.com/tafelmusik/,
saitama,所沢ウィンドオーケストラ,http://www.tokorozawa-wind.com/,
saitama,所沢北吹奏楽団,http://www.za.em-net.ne.jp/~yokko/kitasui/,
saitama,所沢市民吹奏楽団,http://tokosui.vis.ne.jp/,
saitama,蓮田ウインドオーケストラ　,http://homepage3.nifty.com/hwo/,
saitama,羽根倉橋吹奏楽団,http://hanesui.com/,
saitama,ハロー！プロジェクト楽曲演奏吹奏楽団Sheeps,http://hellobrass.hp.infoseek.co.jp/,
saitama,飯能吹奏楽研究会,http://www.hansuiken.com/,
saitama,東埼玉吹奏楽団,http://www.geocities.jp/higashisaitama_we/,
saitama,東松山市ウインドアンサンブル,http://www.geocities.jp/lovelyhwe/,
saitama,日高市吹奏楽団,http://www.hidaka-shisui.jp/,
saitama,ひまわり楽団（春女OG楽団）,http://music.geocities.jp/himawari_gakudan/index.html,
saitama,深谷市民吹奏楽団,http://orchestra.musicinfo.co.jp/~fukasui/,
saitama,富士見市民吹奏楽団,http://www.fujimiband.jp/,
saitama,本庄ウインドシンフォニカ,http://www.geocities.jp/honjo_wind/,
saitama,マザーズバンド vivo,http://mbvivo.web.fc2.com/,
saitama,マザーズバンド tutti,http://music.geocities.jp/tutti_mama2005/,
saitama,まつぶし吹奏楽団,http://www5f.biglobe.ne.jp/~matsu-wo/,
saitama,ママさんブラス 埼玉たまぴよ隊,http://www.tamapiyotai.com/,
saitama,ママさんブラス とこぴよ隊 ,http://tokopiyo.web.fc2.com/,
saitama,ママさんブラス くまぴよ隊,http://kumapiyotai.sakura.ne.jp/,
saitama,ママさんブラス はるぴよ隊,http://harupiyo.babymilk.jp/,
saitama,八潮市民吹奏楽団,http://www.linkclub.or.jp/~papa2/bandsc/mainm.html,
saitama,吉川吹奏楽団,http://www11.ocn.ne.jp/~yoshi-wo/,
saitama,与野吹奏楽団,http://members.jcom.home.ne.jp/yonosui/,
saitama,ル・トラヴェール吹奏楽団,http://www.geocities.jp/letrouvere2004/,
saitama,和光ウインドアンサンブル,http://www.wakowind.com/,
saitama,和光市民吹奏楽団,http://www.wakoshisui.com/,
saitama,鷲宮ウインドアンサンブル,http://www.geocities.jp/w_wind_e/,
saitama,蕨フィルハーモニックウィンズ,http://www.warabi-phil.com/,
chiba,アウローラ・ウィンド・オーケストラ,http://aurora-wind.com/,
chiba,我孫子吹奏楽団,http://www.geocities.jp/abi_sui/,
chiba,アルファモニック吹奏楽団,http://alphamonic.com/,
chiba,アンサンブル・市川,http://www.buruiti.com/,
chiba,アンサンブル・フォルテピアノ,http://fortepiano.s377.xrea.com/wordpress/,
chiba,いすみウインドオーケストラ,http://w01.tp1.jp/~a073959491/,
chiba,市川交響吹奏楽団,http://ichisui.main.jp/,
chiba,印西ウインドアンサンブル,http://www5b.biglobe.ne.jp/~iwe/,
chiba,Wind Ensemble of FIELD,http://www.geocities.co.jp/MusicHall/7326/,
chiba,"WIND ORCHESTRA “楽”",http://www.geocities.jp/wind_orchestra_gaku/,
chiba,Wind Factory,http://www.windfactory.org/,
chiba,浦安ウインドアンサンブル,http://homepage2.nifty.com/urayasu-wind/,
chiba,浦安吹奏楽団,http://www.geocities.jp/urayasu_brass/,
chiba,大網シンフォニックバンド,http://www.geocities.co.jp/MusicHall/3395/,
chiba,オーク沼南ウィンドオーケストラ,http://music.geocities.jp/oak_shonan/TopPage.html,
chiba,音葉ウィンド・オーケストラ,http://otoha-wind.com/,
chiba,小見川吹奏楽団,http://www.geocities.jp/omigawabrass/,
chiba,おんぶらす,http://www.soram.net/onbrass/,
chiba,柏市民吹奏楽団,http://www.cc.rim.or.jp/~kashiwa/,
chiba,かずさウインドオーケストラ,http://www.kazusawind.com/,
chiba,鎌ヶ谷吹奏楽団,http://kamasui.jpn.org/,
chiba,鴨川吹奏楽団,http://www.kamosui.jp/,
chiba,行徳吹奏楽団,http://ameblo.jp/gyousui/,
chiba,佐倉ウィンド・アンサンブル,http://www.catv296.ne.jp/~sakurawind/,
chiba,佐倉シャルマン・ウインド・オーケストラ,http://www5.hp-ez.com/hp/cwo/ent,
chiba,ザ・グリーンコンサート・シンフォニックバンド,http://www.greenconcert.net/,
chiba,佐原ウインドアンサンブル,http://sawarawind.net/,
chiba,市民吹奏楽団　チバ・ウィンド・Ａ．Ｓ．Ｉ．,http://chibawind.jp/,
chiba,沼南ウインドアンサンブル,http://www.geocities.jp/swe_1997/,
chiba,館山吹奏楽団,http://www.awa.or.jp/home/tatesui/,
chiba,千葉吹奏楽団,http://www.chibasui.com/,
chiba,千葉トレイルブレイザーズ,http://ctb-brass.com/,
chiba,千城ウインドシンフォニカ,http://cws.gr.jp/,
chiba,銚子吹奏楽団,http://hp1.cyberstation.ne.jp/bwps/,
chiba,東葛フィルハーモニー吹奏楽団,http://tohkatsufil.net/,
chiba,東金吹奏楽団,http://www.toganewind.com/,
chiba,土気シビックウインドオーケストラ,http://tcwo.jp/,
chiba,習志野シンフォニックブラス,http://www.bekkoame.ne.jp/~tom-f/NSB/NSB_index.html,
chiba,習志野ウィンド･オーケストラ,http://narashino-wind.com/,
chiba,のぎくプラザ吹奏楽団,http://www.geocities.co.jp/HeartLand/7121/,
chiba,野田市吹奏楽団,http://sound.jp/nsbo/,
chiba,ハーモニーウインズ,http://olive.zero.ad.jp/harmony-winds/,
chiba,花輪の森ウインドオーケストラ,http://hanawawind.web.fc2.com/,
chiba,東関東吹奏楽団 ITANJI,http://www.itanji.net/,
chiba,光ウィンドオーケストラ,http://www.skz.or.jp/simasima/hwo/hwotop.htm,
chiba,ひまわりウインドオーケストラ,http://hwo.hp.infoseek.co.jp/,
chiba,船橋吹奏楽団,http://funasui.net/,
chiba,船橋市交響吹奏楽団,http://citywind.sakura.ne.jp/home/,
chiba,ブラスムジークシュベルマー,http://bms.m78.com/bms/index.htm,
chiba,プレジール・ドリーム・アンサンブル,http://www.geocities.co.jp/MusicHall-Horn/2044/,
chiba,松戸市民吹奏楽団,http://matsusui.net/,
chiba,松戸ブラスオルケスター,http://www.geocities.co.jp/MusicHall-Horn/5720/,
chiba,ママさんブラス　森のおんがくたい,http://members3.jcom.home.ne.jp/mori-no-ongakutai/,
chiba,ママン・シーウインド　ピヨコ隊,http://www.geocities.jp/m_seawind_p/,
chiba,瑞穂フレンズウィンドアンサンブル,http://www7b.biglobe.ne.jp/~mizuho-fwe/,
chiba,八街市ウインド・シンフォニア,http://www.geocities.jp/wind_symphonia/,
chiba,八千代管楽オーケストラ,http://yachikan.web.fc2.com/,
chiba,八千代フェスティバルバンド,http://trombone.ddo.jp/~yfb/,
chiba,よこすかウインドアンサンブル,http://www.yokosuka-wind.jp/vi/,
ibaraki,阿見吹奏楽団,http://amisui.s201.xrea.com/,
ibaraki,あゆなまみあな吹奏楽団,http://ayunamamiana.fc2web.com/,
ibaraki,ウィンドアンサンブル守谷,http://orchestra.musicinfo.co.jp/~wemoriya/,
ibaraki,牛久市民吹奏楽団,http://www.geocities.co.jp/Hollywood-Kouen/9855/,
ibaraki,かさまWindEnsemble,http://www.geocities.co.jp/MusicHall/3259/,
ibaraki,鹿島吹奏楽団,http://www.geocities.jp/kashima_sui/,
ibaraki,古河吹奏楽団,http://www10.plala.or.jp/kogasui/,
ibaraki,古河地区吹奏楽集団,http://www.geocities.jp/chikusuimatutrp/,
ibaraki,関城吹奏楽団,http://sekijo1995.web.fc2.com/,
ibaraki,筑波研究学園都市吹奏楽団,http://homepage2.nifty.com/toshi-brass/,
ibaraki,T.I.Wind Ensemble,http://tiwe.hkd.jp/,
ibaraki,東海村吹奏楽団,http://tmwo.bitter.jp/,
ibaraki,取手交響吹奏楽団,http://torikyo.web.fc2.com/,
ibaraki,坂東市民吹奏楽団,http://bandoband.blog84.fc2.com/,
ibaraki,常陸太田市民吹奏楽団,http://www.howe.jp/index.html,
ibaraki,日立大みか吹奏楽団,http://blog.goo.ne.jp/htc_omika_be,
ibaraki,日立市民吹奏楽団,http://www.mito.ne.jp/~nagase/,
ibaraki,ひたちなか市民吹奏楽団,http://www.interq.or.jp/classic/hcwe/,
ibaraki,日立ハイテクサイエンスシステムズ吹奏楽部,http://hswe2003.fc2web.com/,
ibaraki,鉾田交響吹奏楽団,http://www.geocities.jp/hokokyo/index.html,
ibaraki,水戸交響吹奏楽団,http://mitokokyo.web.fc2.com/,
ibaraki,水戸市民吹奏楽団,http://www.mito.ne.jp/~mcb/,
ibaraki,水戸・ユース・ウィンド・オーケストラ,http://mywo.web.fc2.com/,
ibaraki,結城吹奏楽団,http://yukibrass.e-piano.net/,
tochigi,足利ウインドアンサンブル,http://ashi-wind.s-melody.net/,
tochigi,足利市民吹奏楽団,http://www.page.sannet.ne.jp/ashisui/,
tochigi,市貝町民吹奏楽団,http://www7b.biglobe.ne.jp/~mizun/ichikaiband.htm,
tochigi,宇都宮ウインドクルー,http://www.utsunomiya-windcrew.info/,
tochigi,宇都宮音楽集団,http://www.geocities.jp/utsunomiyamg/,
tochigi,宇都宮市民吹奏楽団,http://www006.upp.so-net.ne.jp/u-shisui/,
tochigi,宇都宮ブラスソサエティー,http://www5b.biglobe.ne.jp/~ubs/,
tochigi,小山市交響吹奏楽団,http://www.oyama-shikyo.com/,
tochigi,真岡管楽合奏団「響」,http://www.ac.auone-net.jp/~hibiki/,
tochigi,佐野吹奏楽団,http://www.sctv.jp/~sasui/,
tochigi,ゼーレンフォルクス　オルケスタ,http://www.h2.dion.ne.jp/~windband/,
tochigi,栃木市民吹奏楽団,http://homepage2.nifty.com/tochisui/,
tochigi,マーキュリーバンド,http://www.k4.dion.ne.jp/~mercury/,
tochigi,ママさんブラス ままぴよ隊,http://homepage2.nifty.com/mamapiyotai/,
tochigi,真岡ウインドオーケストラ,http://mookawind.web.fc2.com/,
tochigi,矢板ウィンドオーケストラ,http://www.ywo.jp/,
gunnma,アンサンブルシエール吹奏楽団,http://ensemble-ciel.sub.jp/,
gunnma,アンサンブルミレニアム吹奏楽団,http://music.geocities.jp/ensemble_millennium/,
gunnma,いずみ吹奏楽団,http://izumichan.lucky-princess.com/,
gunnma,伊勢崎市民吹奏楽団,http://icb.lolipop.jp/,
gunnma,おおたウインドオーケストラ,http://www.geocities.jp/ota_wind/,
gunnma,太田市民吹奏楽団,http://home.384.jp/kawara/,
gunnma,からす川音楽集団,http://karasugawa.seesaa.net/,
gunnma,桐生吹奏楽団,http://www.d2.dion.ne.jp/~wami/,
gunnma,草津吹奏楽団,http://www5.ocn.ne.jp/~sousui/,
gunnma,群馬吹奏楽団,http://www.geocities.jp/gunmabb2001/,
gunnma,工謳吹奏楽団,http://www.geocities.co.jp/Hollywood-Kouen/7216/,
gunnma,渋川市民吹奏楽団,http://www7.wind.ne.jp/ittoku/,
gunnma,高崎市民吹奏楽団,http://www.tccb.net/,
gunnma,館林市民吹奏楽団,http://www.geocities.co.jp/Hollywood-Screen/6043/,
gunnma,TB Wind Consort,http://www7a.biglobe.ne.jp/~tbwind/,
gunnma,利根商吹奏楽部ＯＢ・OGバンド NaturalRhythm,http://naturalrhythm123.org/,
gunnma,富岡市民吹奏楽団,http://tcwe.jpn.org/,
gunnma,中之条ニューブラスセクション,http://www12.plala.or.jp/NNBS/,
gunnma,沼田市民吹奏楽団,http://www1.ocn.ne.jp/~zaimoku/,
gunnma,ノースウィンドオーケストラ,http://nwo7.com/,
gunnma,藤岡市民吹奏楽団,http://fcb-info.jimdo.com/,
gunnma,前橋市民吹奏楽団,http://music.geocities.jp/mswo2009/,
gunnma,Molto Wind Ensemble,http://molto-molto.parfe.jp/,
gunnma,レヴールウィンドオーケストラ,http://reveurtamamura.blog100.fc2.com/,
gunnma,ONE Wind Ensemble,http://homepage2.nifty.com/onewind/,
yamanashi,上野原吹奏楽団,http://www.geocities.co.jp/MusicHall/5091/,
yamanashi,大月吹奏楽団,http://www13.ocn.ne.jp/~owe/,
yamanashi,甲斐WestWindアンサンブル,http://www2.nns.ne.jp/pri/nakaharu/,
yamanashi,甲府市民吹奏楽団,http://www.doremi.or.jp/kofu/,
yamanashi,コモドウインドアンサンブル,http://music.geocities.jp/co_co_comodo/,
yamanashi,甲斐市敷島吹奏楽団,http://shikisui.moo.jp/,
yamanashi,ソノリテ甲府吹奏楽団,http://www.sonorite-kofu.com/,
yamanashi,韮崎市吹奏楽団,http://www.nirasaki.net/,
yamanashi,富士五湖ウィンドオーケストラ,http://www.fujigokowind.net/,
yamanashi,南アルプス桃源ウィンドアンサンブル,http://www.tougen-wind.net/,
yamanashi,ムジカリベラ吹奏楽団,http://www5b.biglobe.ne.jp/~trom/,
yamanashi,山梨市民吹奏楽団,http://yamanashi-shisui.fine.to/,
